email,phone_number,country_code,order_date,quantity,price,payment_mode
user2800@test.com,9876543210,IN,2025-01-01,1,100,CARD
user2801@test.com,9876543210,IN,2025-01-01,1,100,CARD
user2802@test.com,9876543210,IN,2025-01-01,1,100,CARD
user2803@test.com,9876543210,IN,2025-01-01,1,100,CARD
user2804@test.com,9876543210,IN,2025-01-01,1,100,CARD
user2805@test.com,9876543210,IN,2025-01-01,1,100,CARD
user2806@test.com,9876543210,IN,2025-01-01,1,100,CARD
user2807@test.com,9876543210,IN,2025-01-01,1,100,CARD
user2808@test.com,9876543210,IN,2025-01-01,1,100,CARD
user2809@test.com,9876543210,IN,2025-01-01,1,100,CARD
user2810@test.com,9876543210,IN,2025-01-01,1,100,CARD
user2811@test.com,9876543210,IN,2025-01-01,1,100,CARD
user2812@test.com,9876543210,IN,2025-01-01,1,100,CARD
user2813@test.com,9876543210,IN,2025-01-01,1,100,CARD
user2814@test.com,9876543210,IN,2025-01-01,1,100,CARD
user2815@test.com,9876543210,IN,2025-01-01,1,100,CARD
user2816@test.com,9876543210,IN,2025-01-01,1,100,CARD
user2817@test.com,9876543210,IN,2025-01-01,1,100,CARD
user2818@test.com,9876543210,IN,2025-01-01,1,100,CARD
user2819@test.com,9876543210,IN,2025-01-01,1,100,CARD
user2820@test.com,9876543210,IN,2025-01-01,1,100,CARD
user2821@test.com,9876543210,IN,2025-01-01,1,100,CARD
user2822@test.com,9876543210,IN,2025-01-01,1,100,CARD
user2823@test.com,9876543210,IN,2025-01-01,1,100,CARD
user2824@test.com,9876543210,IN,2025-01-01,1,100,CARD
user2825@test.com,9876543210,IN,2025-01-01,1,100,CARD
user2826@test.com,9876543210,IN,2025-01-01,1,100,CARD
user2827@test.com,9876543210,IN,2025-01-01,1,100,CARD
user2828@test.com,9876543210,IN,2025-01-01,1,100,CARD
user2829@test.com,9876543210,IN,2025-01-01,1,100,CARD
user2830@test.com,9876543210,IN,2025-01-01,1,100,CARD
user2831@test.com,9876543210,IN,2025-01-01,1,100,CARD
user2832@test.com,9876543210,IN,2025-01-01,1,100,CARD
user2833@test.com,9876543210,IN,2025-01-01,1,100,CARD
user2834@test.com,9876543210,IN,2025-01-01,1,100,CARD
user2835@test.com,9876543210,IN,2025-01-01,1,100,CARD
user2836@test.com,9876543210,IN,2025-01-01,1,100,CARD
user2837@test.com,9876543210,IN,2025-01-01,1,100,CARD
user2838@test.com,9876543210,IN,2025-01-01,1,100,CARD
user2839@test.com,9876543210,IN,2025-01-01,1,100,CARD
user2840@test.com,9876543210,IN,2025-01-01,1,100,CARD
user2841@test.com,9876543210,IN,2025-01-01,1,100,CARD
user2842@test.com,9876543210,IN,2025-01-01,1,100,CARD
user2843@test.com,9876543210,IN,2025-01-01,1,100,CARD
user2844@test.com,9876543210,IN,2025-01-01,1,100,CARD
user2845@test.com,9876543210,IN,2025-01-01,1,100,CARD
user2846@test.com,9876543210,IN,2025-01-01,1,100,CARD
user2847@test.com,9876543210,IN,2025-01-01,1,100,CARD
user2848@test.com,9876543210,IN,2025-01-01,1,100,CARD
user2849@test.com,9876543210,IN,2025-01-01,1,100,CARD
user2850@test.com,9876543210,IN,2025-01-01,1,100,CARD
user2851@test.com,9876543210,IN,2025-01-01,1,100,CARD
user2852@test.com,9876543210,IN,2025-01-01,1,100,CARD
user2853@test.com,9876543210,IN,2025-01-01,1,100,CARD
user2854@test.com,9876543210,IN,2025-01-01,1,100,CARD
user2855@test.com,9876543210,IN,2025-01-01,1,100,CARD
user2856@test.com,9876543210,IN,2025-01-01,1,100,CARD
user2857@test.com,9876543210,IN,2025-01-01,1,100,CARD
user2858@test.com,9876543210,IN,2025-01-01,1,100,CARD
user2859@test.com,9876543210,IN,2025-01-01,1,100,CARD
user2860@test.com,9876543210,IN,2025-01-01,1,100,CARD
user2861@test.com,9876543210,IN,2025-01-01,1,100,CARD
user2862@test.com,9876543210,IN,2025-01-01,1,100,CARD
user2863@test.com,9876543210,IN,2025-01-01,1,100,CARD
user2864@test.com,9876543210,IN,2025-01-01,1,100,CARD
user2865@test.com,9876543210,IN,2025-01-01,1,100,CARD
user2866@test.com,9876543210,IN,2025-01-01,1,100,CARD
user2867@test.com,9876543210,IN,2025-01-01,1,100,CARD
user2868@test.com,9876543210,IN,2025-01-01,1,100,CARD
user2869@test.com,9876543210,IN,2025-01-01,1,100,CARD
user2870@test.com,9876543210,IN,2025-01-01,1,100,CARD
user2871@test.com,9876543210,IN,2025-01-01,1,100,CARD
user2872@test.com,9876543210,IN,2025-01-01,1,100,CARD
user2873@test.com,9876543210,IN,2025-01-01,1,100,CARD
user2874@test.com,9876543210,IN,2025-01-01,1,100,CARD
user2875@test.com,9876543210,IN,2025-01-01,1,100,CARD
user2876@test.com,9876543210,IN,2025-01-01,1,100,CARD
user2877@test.com,9876543210,IN,2025-01-01,1,100,CARD
user2878@test.com,9876543210,IN,2025-01-01,1,100,CARD
user2879@test.com,9876543210,IN,2025-01-01,1,100,CARD
user2880@test.com,9876543210,IN,2025-01-01,1,100,CARD
user2881@test.com,9876543210,IN,2025-01-01,1,100,CARD
user2882@test.com,9876543210,IN,2025-01-01,1,100,CARD
user2883@test.com,9876543210,IN,2025-01-01,1,100,CARD
user2884@test.com,9876543210,IN,2025-01-01,1,100,CARD
user2885@test.com,9876543210,IN,2025-01-01,1,100,CARD
user2886@test.com,9876543210,IN,2025-01-01,1,100,CARD
user2887@test.com,9876543210,IN,2025-01-01,1,100,CARD
user2888@test.com,9876543210,IN,2025-01-01,1,100,CARD
user2889@test.com,9876543210,IN,2025-01-01,1,100,CARD
user2890@test.com,9876543210,IN,2025-01-01,1,100,CARD
user2891@test.com,9876543210,IN,2025-01-01,1,100,CARD
user2892@test.com,9876543210,IN,2025-01-01,1,100,CARD
user2893@test.com,9876543210,IN,2025-01-01,1,100,CARD
user2894@test.com,9876543210,IN,2025-01-01,1,100,CARD
user2895@test.com,9876543210,IN,2025-01-01,1,100,CARD
user2896@test.com,9876543210,IN,2025-01-01,1,100,CARD
user2897@test.com,9876543210,IN,2025-01-01,1,100,CARD
user2898@test.com,9876543210,IN,2025-01-01,1,100,CARD
user2899@test.com,9876543210,IN,2025-01-01,1,100,CARD
user2900@test.com,9876543210,IN,2025-01-01,1,100,CARD
user2901@test.com,9876543210,IN,2025-01-01,1,100,CARD
user2902@test.com,9876543210,IN,2025-01-01,1,100,CARD
user2903@test.com,9876543210,IN,2025-01-01,1,100,CARD
user2904@test.com,9876543210,IN,2025-01-01,1,100,CARD
user2905@test.com,9876543210,IN,2025-01-01,1,100,CARD
user2906@test.com,9876543210,IN,2025-01-01,1,100,CARD
user2907@test.com,9876543210,IN,2025-01-01,1,100,CARD
user2908@test.com,9876543210,IN,2025-01-01,1,100,CARD
user2909@test.com,9876543210,IN,2025-01-01,1,100,CARD
user2910@test.com,9876543210,IN,2025-01-01,1,100,CARD
user2911@test.com,9876543210,IN,2025-01-01,1,100,CARD
user2912@test.com,9876543210,IN,2025-01-01,1,100,CARD
user2913@test.com,9876543210,IN,2025-01-01,1,100,CARD
user2914@test.com,9876543210,IN,2025-01-01,1,100,CARD
user2915@test.com,9876543210,IN,2025-01-01,1,100,CARD
user2916@test.com,9876543210,IN,2025-01-01,1,100,CARD
user2917@test.com,9876543210,IN,2025-01-01,1,100,CARD
user2918@test.com,9876543210,IN,2025-01-01,1,100,CARD
user2919@test.com,9876543210,IN,2025-01-01,1,100,CARD
user2920@test.com,9876543210,IN,2025-01-01,1,100,CARD
user2921@test.com,9876543210,IN,2025-01-01,1,100,CARD
user2922@test.com,9876543210,IN,2025-01-01,1,100,CARD
user2923@test.com,9876543210,IN,2025-01-01,1,100,CARD
user2924@test.com,9876543210,IN,2025-01-01,1,100,CARD
user2925@test.com,9876543210,IN,2025-01-01,1,100,CARD
user2926@test.com,9876543210,IN,2025-01-01,1,100,CARD
user2927@test.com,9876543210,IN,2025-01-01,1,100,CARD
user2928@test.com,9876543210,IN,2025-01-01,1,100,CARD
user2929@test.com,9876543210,IN,2025-01-01,1,100,CARD
user2930@test.com,9876543210,IN,2025-01-01,1,100,CARD
user2931@test.com,9876543210,IN,2025-01-01,1,100,CARD
user2932@test.com,9876543210,IN,2025-01-01,1,100,CARD
user2933@test.com,9876543210,IN,2025-01-01,1,100,CARD
user2934@test.com,9876543210,IN,2025-01-01,1,100,CARD
user2935@test.com,9876543210,IN,2025-01-01,1,100,CARD
user2936@test.com,9876543210,IN,2025-01-01,1,100,CARD
user2937@test.com,9876543210,IN,2025-01-01,1,100,CARD
user2938@test.com,9876543210,IN,2025-01-01,1,100,CARD
user2939@test.com,9876543210,IN,2025-01-01,1,100,CARD
user2940@test.com,9876543210,IN,2025-01-01,1,100,CARD
user2941@test.com,9876543210,IN,2025-01-01,1,100,CARD
user2942@test.com,9876543210,IN,2025-01-01,1,100,CARD
user2943@test.com,9876543210,IN,2025-01-01,1,100,CARD
user2944@test.com,9876543210,IN,2025-01-01,1,100,CARD
user2945@test.com,9876543210,IN,2025-01-01,1,100,CARD
user2946@test.com,9876543210,IN,2025-01-01,1,100,CARD
user2947@test.com,9876543210,IN,2025-01-01,1,100,CARD
user2948@test.com,9876543210,IN,2025-01-01,1,100,CARD
user2949@test.com,9876543210,IN,2025-01-01,1,100,CARD
user2950@test.com,9876543210,IN,2025-01-01,1,100,CARD
user2951@test.com,9876543210,IN,2025-01-01,1,100,CARD
user2952@test.com,9876543210,IN,2025-01-01,1,100,CARD
user2953@test.com,9876543210,IN,2025-01-01,1,100,CARD
user2954@test.com,9876543210,IN,2025-01-01,1,100,CARD
user2955@test.com,9876543210,IN,2025-01-01,1,100,CARD
user2956@test.com,9876543210,IN,2025-01-01,1,100,CARD
user2957@test.com,9876543210,IN,2025-01-01,1,100,CARD
user2958@test.com,9876543210,IN,2025-01-01,1,100,CARD
user2959@test.com,9876543210,IN,2025-01-01,1,100,CARD
user2960@test.com,9876543210,IN,2025-01-01,1,100,CARD
user2961@test.com,9876543210,IN,2025-01-01,1,100,CARD
user2962@test.com,9876543210,IN,2025-01-01,1,100,CARD
user2963@test.com,9876543210,IN,2025-01-01,1,100,CARD
user2964@test.com,9876543210,IN,2025-01-01,1,100,CARD
user2965@test.com,9876543210,IN,2025-01-01,1,100,CARD
user2966@test.com,9876543210,IN,2025-01-01,1,100,CARD
user2967@test.com,9876543210,IN,2025-01-01,1,100,CARD
user2968@test.com,9876543210,IN,2025-01-01,1,100,CARD
user2969@test.com,9876543210,IN,2025-01-01,1,100,CARD
user2970@test.com,9876543210,IN,2025-01-01,1,100,CARD
user2971@test.com,9876543210,IN,2025-01-01,1,100,CARD
user2972@test.com,9876543210,IN,2025-01-01,1,100,CARD
user2973@test.com,9876543210,IN,2025-01-01,1,100,CARD
user2974@test.com,9876543210,IN,2025-01-01,1,100,CARD
user2975@test.com,9876543210,IN,2025-01-01,1,100,CARD
user2976@test.com,9876543210,IN,2025-01-01,1,100,CARD
user2977@test.com,9876543210,IN,2025-01-01,1,100,CARD
user2978@test.com,9876543210,IN,2025-01-01,1,100,CARD
user2979@test.com,9876543210,IN,2025-01-01,1,100,CARD
user2980@test.com,9876543210,IN,2025-01-01,1,100,CARD
user2981@test.com,9876543210,IN,2025-01-01,1,100,CARD
user2982@test.com,9876543210,IN,2025-01-01,1,100,CARD
user2983@test.com,9876543210,IN,2025-01-01,1,100,CARD
user2984@test.com,9876543210,IN,2025-01-01,1,100,CARD
user2985@test.com,9876543210,IN,2025-01-01,1,100,CARD
user2986@test.com,9876543210,IN,2025-01-01,1,100,CARD
user2987@test.com,9876543210,IN,2025-01-01,1,100,CARD
user2988@test.com,9876543210,IN,2025-01-01,1,100,CARD
user2989@test.com,9876543210,IN,2025-01-01,1,100,CARD
user2990@test.com,9876543210,IN,2025-01-01,1,100,CARD
user2991@test.com,9876543210,IN,2025-01-01,1,100,CARD
user2992@test.com,9876543210,IN,2025-01-01,1,100,CARD
user2993@test.com,9876543210,IN,2025-01-01,1,100,CARD
user2994@test.com,9876543210,IN,2025-01-01,1,100,CARD
user2995@test.com,9876543210,IN,2025-01-01,1,100,CARD
user2996@test.com,9876543210,IN,2025-01-01,1,100,CARD
user2997@test.com,9876543210,IN,2025-01-01,1,100,CARD
user2998@test.com,9876543210,IN,2025-01-01,1,100,CARD
user2999@test.com,9876543210,IN,2025-01-01,1,100,CARD
